27027,,,,
27048,,,,
27201,,,,
27202,,,,
27212,,,,
27214,,,,
27215,,,,
27216,,,,
27217,,,,
27220,,,,
27228,,,,
27231,,,,
27243,,,,
27244,,,,
27249,,,,
27253,,,,
27258,,,,
27278,,,,
27288,,,,
27289,,,,
27291,,,,
27301,,,,
27302,,,,
27305,,,,
27311,,,,
27312,,,,
27314,,,,
27315,,,,
27320,,,,
27321,,,,
27322,,,,
27323,,,,
27326,,,,
27332,,,,
27340,,,,
27342,,,,
27343,,,,
27349,,,,
27358,,,,
27359,,,,
27375,,,,
27377,,,,
27379,,,,
27405,,,,
27455,,,,
27501,,,,
27502,,,,
27503,,,,
27504,,,,
27505,,,,
27506,,,,
27507,,,,
27508,,,,
27509,,,,
27510,,,,
27511,,,,
27512,,,,
27513,,,,
27514,,,,
27515,,,,
27516,,,,
27517,,,,
27518,,,,
27519,,,,
27520,,,,
27521,,,,
27522,,,,
27523,,,,
27524,,,,
27525,,,,
27526,,,,
27527,,,,
27528,,,,
27529,,,,
27530,,,,
27531,,,,
27532,,,,
27533,,,,
27534,,,,
27536,,,,
27537,,,,
27539,,,,
27540,,,,
27541,,,,
27542,,,,
27543,,,,
27544,,,,
27545,,,,
27546,,,,
27549,,,,
27551,,,,
27552,,,,
27553,,,,
27555,,,,
27556,,,,
27557,,,,
27559,,,,
27560,,,,
27562,,,,
27563,,,,
27564,,,,
27565,,,,
27568,,,,
27569,,,,
27570,,,,
27571,,,,
27572,,,,
27573,,,,
27574,,,,
27576,,,,
27577,,,,
27581,,,,
27582,,,,
27583,,,,
27584,,,,
27586,,,,
27587,,,,
27588,,,,
27589,,,,
27591,,,,
27592,,,,
27593,,,,
27594,,,,
27596,,,,
27597,,,,
27599,,,,
27601,,,,
27602,,,,
27603,,,,
27604,,,,
27605,,,,
27606,,,,
27607,,,,
27608,,,,
27609,,,,
27610,,,,
27611,,,,
27612,,,,
27613,,,,
27614,,,,
27615,,,,
27616,,,,
27617,,,,
27619,,,,
27620,,,,
27621,,,,
27622,,,,
27623,,,,
27624,,,,
27625,,,,
27626,,,,
27627,,,,
27628,,,,
27629,,,,
27634,,,,
27635,,,,
27636,,,,
27640,,,,
27650,,,,
27656,,,,
27658,,,,
27661,,,,
27668,,,,
27675,,,,
27676,,,,
27690,,,,
27695,,,,
27697,,,,
27698,,,,
27699,,,,
27701,,,,
27702,,,,
27703,,,,
27704,,,,
27705,,,,
27706,,,,
27707,,,,
27708,,,,
27709,,,,
27710,,,,
27711,,,,
27712,,,,
27713,,,,
27715,,,,
27717,,,,
27722,,,,
27801,,,,
27802,,,,
27803,,,,
27804,,,,
27805,,,,
27806,,,,
27807,,,,
27808,,,,
27809,,,,
27810,,,,
27811,,,,
27812,,,,
27813,,,,
27814,,,,
27815,,,,
27816,,,,
27817,,,,
27818,,,,
27819,,,,
27820,,,,
27821,,,,
27822,,,,
27823,,,,
27824,,,,
27825,,,,
27826,,,,
27827,,,,
27828,,,,
27829,,,,
27830,,,,
27831,,,,
27832,,,,
27833,,,,
27834,,,,
27835,,,,
27836,,,,
27837,,,,
27839,,,,
27840,,,,
27841,,,,
27842,,,,
27843,,,,
27844,,,,
27845,,,,
27846,,,,
27847,,,,
27849,,,,
27850,,,,
27851,,,,
27852,,,,
27853,,,,
27854,,,,
27855,,,,
27856,,,,
27857,,,,
27858,,,,
27860,,,,
27861,,,,
27862,,,,
27863,,,,
27864,,,,
27865,,,,
27866,,,,
27867,,,,
27868,,,,
27869,,,,
27870,,,,
27871,,,,
27872,,,,
27873,,,,
27874,,,,
27875,,,,
27876,,,,
27877,,,,
27878,,,,
27879,,,,
27880,,,,
27881,,,,
27882,,,,
27883,,,,
27884,,,,
27885,,,,
27886,,,,
27887,,,,
27888,,,,
27889,,,,
27890,,,,
27891,,,,
27892,,,,
27893,,,,
27894,,,,
27895,,,,
27896,,,,
27897,,,,
27906,,,,
27907,,,,
27909,,,,
27910,,,,
27915,,,,
27916,,,,
27917,,,,
27919,,,,
27920,,,,
27921,,,,
27922,,,,
27923,,,,
27924,,,,
27925,,,,
27926,,,,
27927,,,,
27928,,,,
27929,,,,
27930,,,,
27932,,,,
27935,,,,
27936,,,,
27937,,,,
27938,,,,
27939,,,,
27941,,,,
27942,,,,
27943,,,,
27944,,,,
27946,,,,
27947,,,,
27948,,,,
27949,,,,
27950,,,,
27953,,,,
27954,,,,
27956,,,,
27957,,,,
27958,,,,
27959,,,,
27960,,,,
27962,,,,
27964,,,,
27965,,,,
27966,,,,
27967,,,,
27968,,,,
27969,,,,
27970,,,,
27972,,,,
27973,,,,
27974,,,,
27976,,,,
27978,,,,
27979,,,,
27980,,,,
27981,,,,
27982,,,,
27983,,,,
27985,,,,
27986,,,,
28301,,,,
28302,,,,
28303,,,,
28304,,,,
28305,,,,
28306,,,,
28307,,,,
28308,,,,
28309,,,,
28310,,,,
28311,,,,
28312,,,,
28314,,,,
28315,,,,
28318,,,,
28319,,,,
28320,,,,
28323,,,,
28325,,,,
28326,,,,
28328,,,,
28329,,,,
28331,,,,
28332,,,,
28333,,,,
28334,,,,
28335,,,,
28337,,,,
28339,,,,
28340,,,,
28341,,,,
28342,,,,
28344,,,,
28347,,,,
28348,,,,
28349,,,,
28350,,,,
28356,,,,
28357,,,,
28358,,,,
28359,,,,
28360,,,,
28363,,,,
28364,,,,
28365,,,,
28366,,,,
28368,,,,
28369,,,,
28371,,,,
28372,,,,
28373,,,,
28375,,,,
28376,,,,
28377,,,,
28378,,,,
28382,,,,
28383,,,,
28384,,,,
28385,,,,
28386,,,,
28387,,,,
28388,,,,
28390,,,,
28391,,,,
28392,,,,
28393,,,,
28394,,,,
28395,,,,
28396,,,,
28398,,,,
28399,,,,
28401,,,,
28402,,,,
28403,,,,
28404,,,,
28405,,,,
28406,,,,
28407,,,,
28408,,,,
28409,,,,
28410,,,,
28411,,,,
28412,,,,
28420,,,,
28421,,,,
28422,,,,
28423,,,,
28424,,,,
28425,,,,
28428,,,,
28429,,,,
28432,,,,
28433,,,,
28434,,,,
28435,,,,
28436,,,,
28439,,,,
28441,,,,
28442,,,,
28443,,,,
28444,,,,
28445,,,,
28447,,,,
28448,,,,
28449,,,,
28450,,,,
28451,,,,
28452,,,,
28453,,,,
28454,,,,
28455,,,,
28456,,,,
28457,,,,
28458,,,,
28459,,,,
28460,,,,
28461,,,,
28462,,,,
28463,,,,
28464,,,,
28465,,,,
28466,,,,
28468,,,,
28469,,,,
28470,,,,
28472,,,,
28478,,,,
28479,,,,
28480,,,,
28501,,,,
28502,,,,
28503,,,,
28504,,,,
28508,,,,
28509,,,,
28510,,,,
28511,,,,
28512,,,,
28513,,,,
28515,,,,
28516,,,,
28518,,,,
28519,,,,
28520,,,,
28521,,,,
28522,,,,
28523,,,,
28524,,,,
28525,,,,
28526,,,,
28527,,,,
28528,,,,
28529,,,,
28530,,,,
28531,,,,
28532,,,,
28533,,,,
28537,,,,
28538,,,,
28539,,,,
28540,,,,
28541,,,,
28542,,,,
28543,,,,
28544,,,,
28545,,,,
28546,,,,
28547,,,,
28551,,,,
28552,,,,
28553,,,,
28554,,,,
28555,,,,
28556,,,,
28557,,,,
28560,,,,
28561,,,,
28562,,,,
28563,,,,
28564,,,,
28570,,,,
28571,,,,
28572,,,,
28573,,,,
28574,,,,
28575,,,,
28577,,,,
28578,,,,
28579,,,,
28580,,,,
28581,,,,
28582,,,,
28583,,,,
28584,,,,
28585,,,,
28586,,,,
28587,,,,
28589,,,,
28590,,,,
28594,,,,
23437,,,,
23438,,,,
23457,,,,
23821,,,,
23824,,,,
23825,,,,
23827,,,,
23828,,,,
23843,,,,
23845,,,,
23851,,,,
23856,,,,
23857,,,,
23868,,,,
23873,,,,
23874,,,,
23876,,,,
23879,,,,
23887,,,,
23889,,,,
23893,,,,
23901,,,,
23909,,,,
23915,,,,
23917,,,,
23919,,,,
23920,,,,
23922,,,,
23923,,,,
23924,,,,
23927,,,,
23930,,,,
23934,,,,
23937,,,,
23938,,,,
23939,,,,
23941,,,,
23942,,,,
23943,,,,
23944,,,,
23947,,,,
23950,,,,
23952,,,,
23954,,,,
23955,,,,
23958,,,,
23959,,,,
23960,,,,
23962,,,,
23963,,,,
23964,,,,
23966,,,,
23967,,,,
23968,,,,
23970,,,,
23974,,,,
23976,,,,
24054,,,,
24069,,,,
24078,,,,
24089,,,,
24092,,,,
24104,,,,
24112,,,,
24113,,,,
24114,,,,
24115,,,,
24121,,,,
24137,,,,
24139,,,,
24146,,,,
24148,,,,
24161,,,,
24168,,,,
24176,,,,
24184,,,,
24517,,,,
24520,,,,
24527,,,,
24528,,,,
24529,,,,
24530,,,,
24531,,,,
24534,,,,
24535,,,,
24538,,,,
24539,,,,
24540,,,,
24541,,,,
24543,,,,
24544,,,,
24549,,,,
24550,,,,
24554,,,,
24557,,,,
24558,,,,
24563,,,,
24565,,,,
24566,,,,
24569,,,,
24571,,,,
24576,,,,
24577,,,,
24580,,,,
24586,,,,
24588,,,,
24589,,,,
24592,,,,
24593,,,,
24594,,,,
24597,,,,
24598,,,,